{
    "root_group": {
        "checks": {
            "no token → 401": {
                "name": "no token → 401",
                "path": "::no token → 401",
                "id": "a0eb86fa632d26b8734cd3d740384534",
                "passes": 1684,
                "fails": 0
            },
            "bad token → 401": {
                "name": "bad token → 401",
                "path": "::bad token → 401",
                "id": "29b1c42af7378a28586100270c184d27",
                "passes": 1711,
                "fails": 0
            },
            "valid token → 200": {
                "name": "valid token → 200",
                "path": "::valid token → 200",
                "id": "10c18a4d4485ef0f7a4076b623a181e8",
                "passes": 7849,
                "fails": 0
            }
        },
        "name": "",
        "path": "",
        "id": "d41d8cd98f00b204e9800998ecf8427e",
        "groups": {}
    },
    "metrics": {
        "http_req_sending": {
            "avg": 0.011940481501245106,
            "min": 0.001721,
            "med": 0.006934,
            "max": 0.731441,
            "p(90)": 0.019825300000000004,
            "p(95)": 0.032241500000000006
        },
        "http_req_receiving": {
            "p(90)": 0.061995400000000006,
            "p(95)": 0.08505995000000001,
            "avg": 0.03592057728566332,
            "min": 0.004833,
            "med": 0.026977,
            "max": 0.765389
        },
        "http_req_waiting": {
            "min": 0.733846,
            "med": 2.690309,
            "max": 9.725913,
            "p(90)": 3.8147521,
            "p(95)": 4.1919398,
            "avg": 2.779530011383848
        },
        "auth_failure_duration": {
            "med": 2.31635,
            "max": 8.428854,
            "p(90)": 3.3977612,
            "p(95)": 3.7535608999999983,
            "avg": 2.4148109369661244,
            "min": 0.752607
        },
        "iterations": {
            "count": 11244,
            "rate": 373.16912040925325
        },
        "iteration_duration": {
            "avg": 53.39311145135189,
            "min": 50.836673,
            "med": 53.2968505,
            "max": 60.962942,
            "p(90)": 54.5766914,
            "p(95)": 55.012559249999995
        },
        "auth_success_duration": {
            "min": 1.172549,
            "med": 2.898809,
            "max": 9.949268,
            "p(90)": 4.0131866,
            "p(95)": 4.3865692,
            "avg": 3.0058481414192872
        },
        "http_req_tls_handshaking": {
            "avg": 0,
            "min": 0,
            "med": 0,
            "max": 0,
            "p(90)": 0,
            "p(95)": 0
        },
        "http_req_blocked": {
            "min": 0.000767,
            "med": 0.00291,
            "max": 4.327002,
            "p(90)": 0.006165,
            "p(95)": 0.008183050000000004,
            "avg": 0.009322872821060209
        },
        "http_reqs": {
            "count": 11244,
            "rate": 373.16912040925325
        },
        "data_received": {
            "count": 3099598,
            "rate": 102870.3539027286
        },
        "vus_max": {
            "value": 20,
            "min": 20,
            "max": 20
        },
        "http_req_duration": {
            "max": 9.949268,
            "p(90)": 3.8716070000000005,
            "p(95)": 4.2458047500000005,
            "avg": 2.827391070170762,
            "min": 0.752607,
            "med": 2.7332159999999996,
            "thresholds": {
                "p(95)<400": false
            }
        },
        "errors": {
            "passes": 0,
            "fails": 11244,
            "value": 0
        },
        "vus": {
            "value": 20,
            "min": 20,
            "max": 20
        },
        "data_sent": {
            "count": 1555605,
            "rate": 51627.86815672682
        },
        "http_req_connecting": {
            "max": 3.02322,
            "p(90)": 0,
            "p(95)": 0,
            "avg": 0.0037979567769477057,
            "min": 0,
            "med": 0
        },
        "http_req_duration{expected_response:true}": {
            "min": 1.172549,
            "med": 2.898809,
            "max": 9.949268,
            "p(90)": 4.0131866,
            "p(95)": 4.3865692,
            "avg": 3.005848141419287
        },
        "http_req_failed": {
            "passes": 3395,
            "fails": 7849,
            "thresholds": {
                "rate<0.01": true
            },
            "value": 0.3019388118107435
        },
        "checks": {
            "passes": 11244,
            "fails": 0,
            "value": 1
        }
    }
}