{
    "metrics": {
        "html_detail_duration": {
            "max": 10.273171,
            "p(90)": 3.3896585,
            "p(95)": 3.9704877499999998,
            "avg": 2.285887308419546,
            "min": 0.833178,
            "med": 2.0448665000000004
        },
        "http_req_duration{expected_response:true}": {
            "avg": 3.183924711291476,
            "min": 0.833178,
            "med": 2.876365,
            "max": 12.041774,
            "p(90)": 5.162990199999999,
            "p(95)": 5.9155329999999955
        },
        "http_req_blocked": {
            "p(95)": 0.007467449999999999,
            "avg": 0.010571804227613243,
            "min": 0.000437,
            "med": 0.002437,
            "max": 4.652937,
            "p(90)": 0.0055619
        },
        "http_req_failed": {
            "passes": 0,
            "fails": 11212,
            "thresholds": {
                "rate<0.01": false
            },
            "value": 0
        },
        "iterations": {
            "count": 5606,
            "rate": 186.10914096627013
        },
        "vus": {
            "value": 20,
            "min": 20,
            "max": 20
        },
        "vus_max": {
            "value": 20,
            "min": 20,
            "max": 20
        },
        "http_reqs": {
            "count": 11212,
            "rate": 372.21828193254026
        },
        "html_list_duration": {
            "max": 12.041774,
            "p(90)": 5.7860225,
            "p(95)": 6.450931000000001,
            "avg": 4.081962114163393,
            "min": 1.301241,
            "med": 3.8900110000000003
        },
        "checks": {
            "passes": 22424,
            "fails": 0,
            "value": 1
        },
        "data_sent": {
            "count": 986066,
            "rate": 32735.62186872032
        },
        "http_req_connecting": {
            "p(90)": 0,
            "p(95)": 0,
            "avg": 0.0039911421691045295,
            "min": 0,
            "med": 0,
            "max": 2.534781
        },
        "errors": {
            "passes": 0,
            "fails": 11212,
            "value": 0
        },
        "http_req_tls_handshaking": {
            "avg": 0,
            "min": 0,
            "med": 0,
            "max": 0,
            "p(90)": 0,
            "p(95)": 0
        },
        "http_req_duration": {
            "max": 12.041774,
            "p(90)": 5.162990199999999,
            "p(95)": 5.9155329999999955,
            "avg": 3.183924711291476,
            "min": 0.833178,
            "med": 2.876365,
            "thresholds": {
                "p(95)<500": false
            }
        },
        "http_req_waiting": {
            "min": 0.811207,
            "med": 2.7813695000000003,
            "max": 11.963479,
            "p(90)": 4.894214099999999,
            "p(95)": 5.570966149999993,
            "avg": 3.0552315628790465
        },
        "data_received": {
            "rate": 874786.695756255,
            "count": 26350421
        },
        "http_req_receiving": {
            "p(95)": 0.5411446,
            "avg": 0.11815390073135928,
            "min": 0.004525,
            "med": 0.0365575,
            "max": 2.43236,
            "p(90)": 0.36540929999999977
        },
        "iteration_duration": {
            "med": 106.7964025,
            "max": 115.48795,
            "p(90)": 109.4751225,
            "p(95)": 111.01174075,
            "avg": 107.09387289083114,
            "min": 102.682095
        },
        "http_req_sending": {
            "avg": 0.010539247681056078,
            "min": 0.001566,
            "med": 0.006556,
            "max": 0.580634,
            "p(90)": 0.0159407,
            "p(95)": 0.025200599999999927
        }
    },
    "root_group": {
        "name": "",
        "path": "",
        "id": "d41d8cd98f00b204e9800998ecf8427e",
        "groups": {},
        "checks": {
                "html list 200": {
                    "path": "::html list 200",
                    "id": "bfcf35c1fd0086c3a485ac1f2d0fe9ca",
                    "passes": 5606,
                    "fails": 0,
                    "name": "html list 200"
                },
                "html list contains h1": {
                    "id": "855595b92277cb0e0ec19e4a7176fd07",
                    "passes": 5606,
                    "fails": 0,
                    "name": "html list contains h1",
                    "path": "::html list contains h1"
                },
                "html detail 200": {
                    "name": "html detail 200",
                    "path": "::html detail 200",
                    "id": "4f4efe404743e97d9a2a5b74a24c8599",
                    "passes": 5606,
                    "fails": 0
                },
                "html detail contains h1": {
                    "id": "fca3805c76a955349947824a35e5b30e",
                    "passes": 5606,
                    "fails": 0,
                    "name": "html detail contains h1",
                    "path": "::html detail contains h1"
                }
            }
    }
}