{
    "root_group": {
        "checks": {
            "list 200": {
                "name": "list 200",
                "path": "::list 200",
                "id": "bb957fc3b3b94304050fa1ff782f2f89",
                "passes": 4495,
                "fails": 0
            },
            "create 201": {
                "name": "create 201",
                "path": "::create 201",
                "id": "156654209db568811cc0f7da2d599478",
                "passes": 4495,
                "fails": 0
            },
            "show 200": {
                "id": "2b94b15dc06e286a54ac382711ef1145",
                "passes": 4495,
                "fails": 0,
                "name": "show 200",
                "path": "::show 200"
            },
            "update 200": {
                "passes": 4495,
                "fails": 0,
                "name": "update 200",
                "path": "::update 200",
                "id": "7ea104c1961d25326c0409f06885ea15"
            },
            "delete 204": {
                "name": "delete 204",
                "path": "::delete 204",
                "id": "64a47c6a524c056844e665ff7d06a25c",
                "passes": 4495,
                "fails": 0
            }
        },
        "name": "",
        "path": "",
        "id": "d41d8cd98f00b204e9800998ecf8427e",
        "groups": {}
    },
    "metrics": {
        "checks": {
            "passes": 22475,
            "fails": 0,
            "value": 1
        },
        "http_req_sending": {
            "p(95)": 0.033272,
            "avg": 0.013486874705228127,
            "min": 0.001781,
            "med": 0.008788,
            "max": 5.173089,
            "p(90)": 0.02339740000000001
        },
        "iterations": {
            "count": 4495,
            "rate": 148.72582717156052
        },
        "create_duration": {
            "med": 7.461175,
            "max": 212.191306,
            "p(90)": 10.6461314,
            "p(95)": 12.1030052,
            "avg": 9.606528760845382,
            "min": 3.526649
        },
        "http_req_tls_handshaking": {
            "p(95)": 0,
            "avg": 0,
            "min": 0,
            "med": 0,
            "max": 0,
            "p(90)": 0
        },
        "iteration_duration": {
            "avg": 133.7725770649609,
            "min": 118.772169,
            "med": 129.595086,
            "max": 369.303658,
            "p(90)": 140.5293452,
            "p(95)": 146.5707633
        },
        "vus_max": {
            "value": 20,
            "min": 20,
            "max": 20
        },
        "http_req_duration": {
            "avg": 6.533615046496134,
            "min": 0.848438,
            "med": 5.980161,
            "max": 212.191306,
            "p(90)": 10.051749800000001,
            "p(95)": 11.343636199999994,
            "thresholds": {
                "p(95)<500": false
            }
        },
        "http_req_duration{expected_response:true}": {
            "max": 212.191306,
            "p(90)": 10.051749800000001,
            "p(95)": 11.343636199999994,
            "avg": 6.533615046496134,
            "min": 0.848438,
            "med": 5.980161
        },
        "data_sent": {
            "count": 4130905,
            "rate": 136679.03517066414
        },
        "http_req_failed": {
            "passes": 0,
            "fails": 22475,
            "thresholds": {
                "rate<0.01": false
            },
            "value": 0
        },
        "http_req_connecting": {
            "med": 0,
            "max": 4.178448,
            "p(90)": 0,
            "p(95)": 0,
            "avg": 0.004420782424916573,
            "min": 0
        },
        "vus": {
            "value": 20,
            "min": 20,
            "max": 20
        },
        "errors": {
            "passes": 0,
            "fails": 22475,
            "value": 0
        },
        "http_reqs": {
            "count": 22475,
            "rate": 743.6291358578027
        },
        "list_duration": {
            "med": 3.316096,
            "max": 101.531588,
            "p(90)": 5.830620799999999,
            "p(95)": 7.201748600000001,
            "avg": 3.80333327608454,
            "min": 1.630237
        },
        "data_received": {
            "count": 75997258,
            "rate": 2514517.2544650715
        },
        "http_req_blocked": {
            "avg": 0.012625748298109125,
            "min": 0.000495,
            "med": 0.002567,
            "max": 9.736742,
            "p(90)": 0.0054768000000000065,
            "p(95)": 0.007314199999999997
        },
        "http_req_waiting": {
            "avg": 6.3638233676084655,
            "min": 0.810558,
            "med": 5.818772,
            "max": 212.103826,
            "p(90)": 9.959442400000004,
            "p(95)": 11.244074499999998
        },
        "http_req_receiving": {
            "p(95)": 0.7126835999999999,
            "avg": 0.15630480418242443,
            "min": 0.005135,
            "med": 0.048292,
            "max": 7.1957,
            "p(90)": 0.4433474000000003
        },
        "show_duration": {
            "p(90)": 2.920448,
            "p(95)": 3.3796945000000003,
            "avg": 1.972571788654069,
            "min": 0.848438,
            "med": 1.821722,
            "max": 9.92508
        }
    }
}