{
    "metrics": {
        "http_req_duration{expected_response:true}": {
            "avg": 3.6478324295964204,
            "min": 1.161534,
            "med": 3.254917,
            "max": 23.987906,
            "p(90)": 5.1152218000000005,
            "p(95)": 6.2386892
        },
        "http_req_sending": {
            "p(95)": 0.035823249999999994,
            "avg": 0.011310811061151093,
            "min": 0.001543,
            "med": 0.005601,
            "max": 1.180087,
            "p(90)": 0.01757730000000001
        },
        "http_req_tls_handshaking": {
            "avg": 0,
            "min": 0,
            "med": 0,
            "max": 0,
            "p(90)": 0,
            "p(95)": 0
        },
        "errors": {
            "passes": 0,
            "fails": 11120,
            "value": 0
        },
        "vus": {
            "value": 20,
            "min": 20,
            "max": 20
        },
        "data_sent": {
            "count": 1539500,
            "rate": 51068.67617760673
        },
        "iterations": {
            "count": 11120,
            "rate": 368.8754005163929
        },
        "http_req_failed": {
            "passes": 3315,
            "fails": 7805,
            "thresholds": {
                "rate<0.01": true
            },
            "value": 0.2981115107913669
        },
        "http_req_receiving": {
            "max": 0.86274,
            "p(90)": 0.05152100000000002,
            "p(95)": 0.07147424999999999,
            "avg": 0.030344779766187043,
            "min": 0.004816,
            "med": 0.022414
        },
        "auth_failure_duration": {
            "med": 2.588671,
            "max": 23.669015,
            "p(90)": 4.647475399999999,
            "p(95)": 5.813392599999999,
            "avg": 3.038978201508297,
            "min": 0.815179
        },
        "data_received": {
            "count": 2576200,
            "rate": 85458.34593618088
        },
        "http_req_waiting": {
            "avg": 3.4246703849820013,
            "min": 0.782558,
            "med": 3.0543665,
            "max": 23.972193,
            "p(90)": 4.9624052,
            "p(95)": 6.108188099999994
        },
        "http_reqs": {
            "count": 11120,
            "rate": 368.8754005163929
        },
        "http_req_duration": {
            "avg": 3.4663259758093483,
            "min": 0.815179,
            "med": 3.092059,
            "max": 23.987906,
            "p(90)": 5.002641700000002,
            "p(95)": 6.162911449999998,
            "thresholds": {
                "p(95)<400": false
            }
        },
        "checks": {
            "passes": 11120,
            "fails": 0,
            "value": 1
        },
        "http_req_blocked": {
            "min": 0.00073,
            "med": 0.002248,
            "max": 5.807088,
            "p(90)": 0.005267300000000001,
            "p(95)": 0.007086199999999997,
            "avg": 0.011321354046762568
        },
        "iteration_duration": {
            "p(90)": 55.658329,
            "p(95)": 56.72899074999999,
            "avg": 54.028794065557264,
            "min": 51.003485,
            "med": 53.649401,
            "max": 74.115734
        },
        "http_req_connecting": {
            "max": 3.617973,
            "p(90)": 0,
            "p(95)": 0,
            "avg": 0.004632707643884893,
            "min": 0,
            "med": 0
        },
        "vus_max": {
            "value": 20,
            "min": 20,
            "max": 20
        },
        "auth_success_duration": {
            "max": 23.987906,
            "p(90)": 5.1152218000000005,
            "p(95)": 6.2386892,
            "avg": 3.6478324295964204,
            "min": 1.161534,
            "med": 3.254917
        }
    },
    "root_group": {
        "groups": {},
        "checks": {
                "bad token → 401": {
                    "name": "bad token → 401",
                    "path": "::bad token → 401",
                    "id": "29b1c42af7378a28586100270c184d27",
                    "passes": 1670,
                    "fails": 0
                },
                "no token → 401": {
                    "passes": 1645,
                    "fails": 0,
                    "name": "no token → 401",
                    "path": "::no token → 401",
                    "id": "a0eb86fa632d26b8734cd3d740384534"
                },
                "valid token → 200": {
                    "name": "valid token → 200",
                    "path": "::valid token → 200",
                    "id": "10c18a4d4485ef0f7a4076b623a181e8",
                    "passes": 7805,
                    "fails": 0
                }
            },
        "name": "",
        "path": "",
        "id": "d41d8cd98f00b204e9800998ecf8427e"
    }
}