{
    "metrics": {
        "http_req_blocked": {
            "p(95)": 0.006233149999999998,
            "avg": 0.01054985310218984,
            "min": 0.000414,
            "med": 0.0018685,
            "max": 5.291038,
            "p(90)": 0.0047052000000000005
        },
        "http_req_tls_handshaking": {
            "p(90)": 0,
            "p(95)": 0,
            "avg": 0,
            "min": 0,
            "med": 0,
            "max": 0
        },
        "vus": {
            "value": 20,
            "min": 20,
            "max": 20
        },
        "http_req_duration": {
            "p(90)": 9.058128500000002,
            "p(95)": 10.860770599999999,
            "avg": 4.452661361770068,
            "min": 0.878224,
            "med": 3.390384,
            "max": 24.248719,
            "thresholds": {
                "p(95)<500": false
            }
        },
        "http_req_connecting": {
            "avg": 0.004770944251824818,
            "min": 0,
            "med": 0,
            "max": 3.693615,
            "p(90)": 0,
            "p(95)": 0
        },
        "http_req_duration{expected_response:true}": {
            "min": 0.878224,
            "med": 3.390384,
            "max": 24.248719,
            "p(90)": 9.058128500000002,
            "p(95)": 10.860770599999999,
            "avg": 4.452661361770068
        },
        "data_sent": {
            "count": 963875,
            "rate": 31977.738919373493
        },
        "vus_max": {
            "min": 20,
            "max": 20,
            "value": 20
        },
        "http_req_waiting": {
            "p(90)": 8.6547494,
            "p(95)": 10.390676099999993,
            "avg": 4.235748339051095,
            "min": 0.860097,
            "med": 3.22649,
            "max": 24.008137
        },
        "html_list_duration": {
            "p(90)": 10.844535200000001,
            "p(95)": 12.637975250000002,
            "avg": 6.357625001277369,
            "min": 1.496738,
            "med": 5.466406,
            "max": 24.248719
        },
        "iterations": {
            "count": 5480,
            "rate": 181.80574169696976
        },
        "http_req_receiving": {
            "min": 0.003842,
            "med": 0.031624,
            "max": 9.006144,
            "p(90)": 0.6422797000000002,
            "p(95)": 0.9802187999999997,
            "avg": 0.207733115054744
        },
        "errors": {
            "passes": 0,
            "fails": 10960,
            "value": 0
        },
        "html_detail_duration": {
            "med": 2.2035489999999998,
            "max": 13.499561,
            "p(90)": 4.004565500000001,
            "p(95)": 5.145486900000002,
            "avg": 2.5476977222627806,
            "min": 0.878224
        },
        "http_req_sending": {
            "avg": 0.009179907664233542,
            "min": 0.001546,
            "med": 0.0051795,
            "max": 1.690837,
            "p(90)": 0.013016100000000001,
            "p(95)": 0.019696849999999974
        },
        "checks": {
            "passes": 21920,
            "fails": 0,
            "value": 1
        },
        "iteration_duration": {
            "med": 108.6744015,
            "max": 127.27998,
            "p(90)": 115.1652568,
            "p(95)": 117.43010040000001,
            "avg": 109.63123949014553,
            "min": 102.81647
        },
        "http_req_failed": {
            "passes": 0,
            "fails": 10960,
            "thresholds": {
                "rate<0.01": false
            },
            "value": 0
        },
        "http_reqs": {
            "count": 10960,
            "rate": 363.6114833939395
        },
        "data_received": {
            "count": 25039781,
            "rate": 830725.539531878
        }
    },
    "root_group": {
        "path": "",
        "id": "d41d8cd98f00b204e9800998ecf8427e",
        "groups": {},
        "checks": {
                "html list 200": {
                    "id": "bfcf35c1fd0086c3a485ac1f2d0fe9ca",
                    "passes": 5480,
                    "fails": 0,
                    "name": "html list 200",
                    "path": "::html list 200"
                },
                "html list contains h1": {
                    "name": "html list contains h1",
                    "path": "::html list contains h1",
                    "id": "855595b92277cb0e0ec19e4a7176fd07",
                    "passes": 5480,
                    "fails": 0
                },
                "html detail 200": {
                    "name": "html detail 200",
                    "path": "::html detail 200",
                    "id": "4f4efe404743e97d9a2a5b74a24c8599",
                    "passes": 5480,
                    "fails": 0
                },
                "html detail contains h1": {
                    "fails": 0,
                    "name": "html detail contains h1",
                    "path": "::html detail contains h1",
                    "id": "fca3805c76a955349947824a35e5b30e",
                    "passes": 5480
                }
            },
        "name": ""
    }
}