{
    "root_group": {
        "groups": {},
        "checks": {
                "list 200": {
                    "name": "list 200",
                    "path": "::list 200",
                    "id": "bb957fc3b3b94304050fa1ff782f2f89",
                    "passes": 4559,
                    "fails": 0
                },
                "create 201": {
                    "fails": 0,
                    "name": "create 201",
                    "path": "::create 201",
                    "id": "156654209db568811cc0f7da2d599478",
                    "passes": 4559
                },
                "show 200": {
                    "name": "show 200",
                    "path": "::show 200",
                    "id": "2b94b15dc06e286a54ac382711ef1145",
                    "passes": 4559,
                    "fails": 0
                },
                "update 200": {
                    "name": "update 200",
                    "path": "::update 200",
                    "id": "7ea104c1961d25326c0409f06885ea15",
                    "passes": 4559,
                    "fails": 0
                },
                "delete 204": {
                    "id": "64a47c6a524c056844e665ff7d06a25c",
                    "passes": 4559,
                    "fails": 0,
                    "name": "delete 204",
                    "path": "::delete 204"
                }
            },
        "name": "",
        "path": "",
        "id": "d41d8cd98f00b204e9800998ecf8427e"
    },
    "metrics": {
        "data_sent": {
            "count": 4189721,
            "rate": 138686.9889863317
        },
        "http_req_blocked": {
            "max": 5.448009,
            "p(90)": 0.004377600000000002,
            "p(95)": 0.005605,
            "avg": 0.006631436192147473,
            "min": 0.000465,
            "med": 0.002263
        },
        "http_req_tls_handshaking": {
            "avg": 0,
            "min": 0,
            "med": 0,
            "max": 0,
            "p(90)": 0,
            "p(95)": 0
        },
        "http_req_waiting": {
            "min": 0.743113,
            "med": 5.466047,
            "max": 226.310904,
            "p(90)": 9.229296000000003,
            "p(95)": 10.261670999999998,
            "avg": 5.979617305154609
        },
        "show_duration": {
            "avg": 1.5751762507128724,
            "min": 0.770239,
            "med": 1.407865,
            "max": 102.791371,
            "p(90)": 2.2084274,
            "p(95)": 2.664643599999998
        },
        "checks": {
            "passes": 22795,
            "fails": 0,
            "value": 1
        },
        "http_reqs": {
            "count": 22795,
            "rate": 754.5538029724249
        },
        "errors": {
            "passes": 0,
            "fails": 22795,
            "value": 0
        },
        "http_req_connecting": {
            "p(90)": 0,
            "p(95)": 0,
            "avg": 0.0023503989910067997,
            "min": 0,
            "med": 0,
            "max": 3.72966
        },
        "vus": {
            "value": 20,
            "min": 20,
            "max": 20
        },
        "vus_max": {
            "value": 20,
            "min": 20,
            "max": 20
        },
        "create_duration": {
            "max": 180.004591,
            "p(90)": 9.8851288,
            "p(95)": 11.322540199999999,
            "avg": 9.576875355121725,
            "min": 3.297048,
            "med": 6.932572
        },
        "iteration_duration": {
            "p(95)": 139.5524533,
            "avg": 131.83464278021464,
            "min": 117.090507,
            "med": 127.445236,
            "max": 472.971337,
            "p(90)": 135.3235046
        },
        "http_req_failed": {
            "passes": 0,
            "fails": 22795,
            "thresholds": {
                "rate<0.01": false
            },
            "value": 0
        },
        "http_req_duration{expected_response:true}": {
            "med": 5.628917,
            "max": 226.530769,
            "p(90)": 9.294629800000001,
            "p(95)": 10.3501182,
            "avg": 6.186757805132722,
            "min": 0.770239
        },
        "data_received": {
            "count": 79518576,
            "rate": 2632201.970947655
        },
        "iterations": {
            "count": 4559,
            "rate": 150.910760594485
        },
        "http_req_sending": {
            "avg": 0.010040795920157986,
            "min": 0.001803,
            "med": 0.007297,
            "max": 1.463545,
            "p(90)": 0.016965600000000015,
            "p(95)": 0.023653399999999995
        },
        "http_req_receiving": {
            "max": 8.485928,
            "p(90)": 0.5692204,
            "p(95)": 1.0170543999999981,
            "avg": 0.19709970405790833,
            "min": 0.00349,
            "med": 0.038727
        },
        "list_duration": {
            "p(90)": 5.0872716,
            "p(95)": 6.078819999999998,
            "avg": 3.248183087957886,
            "min": 1.312638,
            "med": 2.767637,
            "max": 103.111776
        },
        "http_req_duration": {
            "p(90)": 9.294629800000001,
            "p(95)": 10.3501182,
            "avg": 6.186757805132722,
            "min": 0.770239,
            "med": 5.628917,
            "max": 226.530769,
            "thresholds": {
                "p(95)<500": false
            }
        }
    }
}