{
    "metrics": {
        "errors": {
            "passes": 0,
            "fails": 10660,
            "value": 0
        },
        "iterations": {
            "count": 10660,
            "rate": 354.05973125390835
        },
        "http_req_duration{expected_response:true}": {
            "p(95)": 8.851208,
            "avg": 5.557854768755885,
            "min": 1.640061,
            "med": 5.124822,
            "max": 113.610575,
            "p(90)": 7.442274
        },
        "auth_success_duration": {
            "med": 5.124822,
            "max": 113.610575,
            "p(90)": 7.442274,
            "p(95)": 8.851208,
            "avg": 5.557854768755885,
            "min": 1.640061
        },
        "http_req_failed": {
            "fails": 7451,
            "passes": 3209,
            "thresholds": {
                "rate<0.01": true
            },
            "value": 0.30103189493433397
        },
        "data_received": {
            "count": 3634408,
            "rate": 120712.71292186253
        },
        "http_req_blocked": {
            "min": 0.000707,
            "med": 0.004272,
            "max": 13.495846,
            "p(90)": 0.011616300000000005,
            "p(95)": 0.015860899999999973,
            "avg": 0.06497958011257066
        },
        "auth_failure_duration": {
            "min": 1.401947,
            "med": 4.57487,
            "max": 112.492264,
            "p(90)": 6.8478116,
            "p(95)": 8.016138,
            "avg": 5.011138030227501
        },
        "iteration_duration": {
            "avg": 56.28465385628512,
            "min": 51.685694,
            "med": 55.8067415,
            "max": 163.991446,
            "p(90)": 58.477387,
            "p(95)": 59.8915033
        },
        "vus": {
            "value": 20,
            "min": 20,
            "max": 20
        },
        "data_sent": {
            "count": 1473321,
            "rate": 48934.675169862996
        },
        "http_req_duration": {
            "p(90)": 7.3037431,
            "p(95)": 8.639466349999998,
            "avg": 5.3932755929643434,
            "min": 1.401947,
            "med": 4.9842375,
            "max": 113.610575,
            "thresholds": {
                "p(95)<400": false
            }
        },
        "checks": {
            "passes": 10660,
            "fails": 0,
            "value": 1
        },
        "http_req_waiting": {
            "avg": 5.297469195121943,
            "min": 1.219529,
            "med": 4.8896465,
            "max": 113.54642,
            "p(90)": 7.184519200000001,
            "p(95)": 8.51638775
        },
        "http_reqs": {
            "count": 10660,
            "rate": 354.05973125390835
        },
        "http_req_sending": {
            "med": 0.009767,
            "max": 1.033626,
            "p(90)": 0.035315700000000005,
            "p(95)": 0.05660419999999988,
            "avg": 0.0193312948405254,
            "min": 0.001634
        },
        "http_req_receiving": {
            "max": 8.638139,
            "p(90)": 0.13912660000000002,
            "p(95)": 0.23045819999999986,
            "avg": 0.07647510300187614,
            "min": 0.005728,
            "med": 0.042772000000000004
        },
        "vus_max": {
            "value": 20,
            "min": 20,
            "max": 20
        },
        "http_req_connecting": {
            "p(95)": 0,
            "avg": 0.0512203657598499,
            "min": 0,
            "med": 0,
            "max": 13.12204,
            "p(90)": 0
        },
        "http_req_tls_handshaking": {
            "med": 0,
            "max": 0,
            "p(90)": 0,
            "p(95)": 0,
            "avg": 0,
            "min": 0
        }
    },
    "root_group": {
        "path": "",
        "id": "d41d8cd98f00b204e9800998ecf8427e",
        "groups": {},
        "checks": {
                "no token → 401": {
                    "name": "no token → 401",
                    "path": "::no token → 401",
                    "id": "a0eb86fa632d26b8734cd3d740384534",
                    "passes": 1634,
                    "fails": 0
                },
                "bad token → 401": {
                    "name": "bad token → 401",
                    "path": "::bad token → 401",
                    "id": "29b1c42af7378a28586100270c184d27",
                    "passes": 1575,
                    "fails": 0
                },
                "valid token → 200": {
                    "passes": 7451,
                    "fails": 0,
                    "name": "valid token → 200",
                    "path": "::valid token → 200",
                    "id": "10c18a4d4485ef0f7a4076b623a181e8"
                }
            },
        "name": ""
    }
}