{
    "metrics": {
        "http_req_failed": {
            "passes": 0,
            "fails": 17650,
            "thresholds": {
                "rate<0.01": false
            },
            "value": 0
        },
        "http_req_duration{expected_response:true}": {
            "max": 904.696307,
            "p(90)": 16.191122699999998,
            "p(95)": 46.28237274999998,
            "avg": 13.746363059716694,
            "min": 1.089114,
            "med": 8.216827
        },
        "errors": {
            "fails": 17650,
            "passes": 0,
            "value": 0
        },
        "http_req_tls_handshaking": {
            "avg": 0,
            "min": 0,
            "med": 0,
            "max": 0,
            "p(90)": 0,
            "p(95)": 0
        },
        "http_req_sending": {
            "p(95)": 0.04748589999999997,
            "avg": 0.018092125099150112,
            "min": 0.00212,
            "med": 0.012141,
            "max": 0.773305,
            "p(90)": 0.036351800000000004
        },
        "create_duration": {
            "p(90)": 16.800728499999998,
            "p(95)": 59.26642194999998,
            "avg": 17.816735203965973,
            "min": 3.729606,
            "med": 9.723568499999999,
            "max": 797.702345
        },
        "http_reqs": {
            "count": 17650,
            "rate": 583.9942474124773
        },
        "http_req_receiving": {
            "p(90)": 0.6380668,
            "p(95)": 0.9421887999999999,
            "avg": 0.2321706181303108,
            "min": 0.006662,
            "med": 0.068534,
            "max": 83.152336
        },
        "data_sent": {
            "count": 3233480,
            "rate": 106987.74612596584
        },
        "show_duration": {
            "med": 2.9161565,
            "max": 121.923491,
            "p(90)": 5.3189635,
            "p(95)": 27.99767995,
            "avg": 6.010118219830024,
            "min": 1.089114
        },
        "iterations": {
            "count": 3530,
            "rate": 116.79884948249546
        },
        "http_req_blocked": {
            "avg": 0.03645899937677035,
            "min": 0.000561,
            "med": 0.003365,
            "max": 12.024149,
            "p(90)": 0.008475500000000002,
            "p(95)": 0.011879749999999996
        },
        "http_req_waiting": {
            "avg": 13.496100316487222,
            "min": 1.014854,
            "med": 8.070658,
            "max": 904.666452,
            "p(90)": 16.086316000000004,
            "p(95)": 45.69889949999995
        },
        "list_duration": {
            "max": 309.87496,
            "p(90)": 8.764998499999999,
            "p(95)": 22.072173849999945,
            "avg": 8.45321905949009,
            "min": 1.862298,
            "med": 4.8501655
        },
        "vus_max": {
            "min": 20,
            "max": 20,
            "value": 20
        },
        "data_received": {
            "count": 65143852,
            "rate": 2155446.7321410654
        },
        "iteration_duration": {
            "p(95)": 277.25448155,
            "avg": 170.26520231133117,
            "min": 122.567003,
            "med": 142.331119,
            "max": 2240.716974,
            "p(90)": 200.3829881
        },
        "http_req_duration": {
            "avg": 13.746363059716694,
            "min": 1.089114,
            "med": 8.216827,
            "max": 904.696307,
            "p(90)": 16.191122699999998,
            "p(95)": 46.28237274999998,
            "thresholds": {
                "p(95)<500": false
            }
        },
        "vus": {
            "value": 20,
            "min": 20,
            "max": 20
        },
        "http_req_connecting": {
            "p(95)": 0,
            "avg": 0.022947908668555228,
            "min": 0,
            "med": 0,
            "max": 4.501422,
            "p(90)": 0
        },
        "checks": {
            "passes": 17650,
            "fails": 0,
            "value": 1
        }
    },
    "root_group": {
        "groups": {},
        "checks": {
                "list 200": {
                    "name": "list 200",
                    "path": "::list 200",
                    "id": "bb957fc3b3b94304050fa1ff782f2f89",
                    "passes": 3530,
                    "fails": 0
                },
                "create 201": {
                    "path": "::create 201",
                    "id": "156654209db568811cc0f7da2d599478",
                    "passes": 3530,
                    "fails": 0,
                    "name": "create 201"
                },
                "show 200": {
                    "name": "show 200",
                    "path": "::show 200",
                    "id": "2b94b15dc06e286a54ac382711ef1145",
                    "passes": 3530,
                    "fails": 0
                },
                "update 200": {
                    "name": "update 200",
                    "path": "::update 200",
                    "id": "7ea104c1961d25326c0409f06885ea15",
                    "passes": 3530,
                    "fails": 0
                },
                "delete 204": {
                    "fails": 0,
                    "name": "delete 204",
                    "path": "::delete 204",
                    "id": "64a47c6a524c056844e665ff7d06a25c",
                    "passes": 3530
                }
            },
        "name": "",
        "path": "",
        "id": "d41d8cd98f00b204e9800998ecf8427e"
    }
}