{
    "root_group": {
        "checks": {
            "no token → 401": {
                "name": "no token → 401",
                "path": "::no token → 401",
                "id": "a0eb86fa632d26b8734cd3d740384534",
                "passes": 440,
                "fails": 0
            },
            "bad token → 401": {
                "name": "bad token → 401",
                "path": "::bad token → 401",
                "id": "29b1c42af7378a28586100270c184d27",
                "passes": 432,
                "fails": 3
            },
            "valid token → 200": {
                "passes": 1996,
                "fails": 5,
                "name": "valid token → 200",
                "path": "::valid token → 200",
                "id": "10c18a4d4485ef0f7a4076b623a181e8"
            }
        },
        "name": "",
        "path": "",
        "id": "d41d8cd98f00b204e9800998ecf8427e",
        "groups": {}
    },
    "metrics": {
        "http_req_failed": {
            "passes": 880,
            "fails": 1996,
            "thresholds": {
                "rate<0.01": true
            },
            "value": 0.30598052851182195
        },
        "iteration_duration": {
            "avg": 218.6591829440193,
            "min": 51.625417,
            "med": 57.673296,
            "max": 30053.119033,
            "p(90)": 535.699096,
            "p(95)": 910.0797877499999
        },
        "iterations": {
            "count": 2876,
            "rate": 79.940654417466
        },
        "data_received": {
            "rate": 36513.61659537748,
            "count": 1313639
        },
        "http_reqs": {
            "count": 2876,
            "rate": 79.940654417466
        },
        "auth_failure_duration": {
            "avg": 93.8513416571429,
            "min": 0,
            "med": 5.468156,
            "max": 1642.416518,
            "p(90)": 493.2084454000001,
            "p(95)": 869.9128817999999
        },
        "http_req_duration": {
            "p(90)": 366.1466595,
            "p(95)": 650.83091725,
            "avg": 84.07839391272589,
            "min": 0,
            "med": 6.746079,
            "max": 1642.416518,
            "thresholds": {
                "p(95)<400": true
            }
        },
        "http_req_sending": {
            "p(95)": 0.093588,
            "avg": 0.03745696557719056,
            "min": 0,
            "med": 0.02931,
            "max": 0.570401,
            "p(90)": 0.06765399999999999
        },
        "http_req_blocked": {
            "avg": 0.41298673748261466,
            "min": 0,
            "med": 0.009479,
            "max": 15.245187,
            "p(90)": 1.580981,
            "p(95)": 3.2367879999999998
        },
        "http_req_receiving": {
            "p(90)": 0.246132,
            "p(95)": 0.28385699999999997,
            "avg": 0.12610196210013905,
            "min": 0,
            "med": 0.100581,
            "max": 0.575805
        },
        "http_req_tls_handshaking": {
            "avg": 0,
            "min": 0,
            "med": 0,
            "max": 0,
            "p(90)": 0,
            "p(95)": 0
        },
        "http_req_duration{expected_response:true}": {
            "min": 2.03861,
            "med": 7.273607,
            "max": 1638.191696,
            "p(90)": 20.201326,
            "p(95)": 591.54606425,
            "avg": 80.00477802755505
        },
        "auth_success_duration": {
            "avg": 79.8048660384807,
            "min": 0,
            "med": 7.26054,
            "max": 1638.191696,
            "p(90)": 20.048544,
            "p(95)": 591.540978
        },
        "errors": {
            "passes": 0,
            "fails": 2876,
            "value": 0
        },
        "vus_max": {
            "value": 20,
            "min": 20,
            "max": 20
        },
        "checks": {
            "fails": 8,
            "passes": 2868,
            "value": 0.9972183588317107
        },
        "http_req_waiting": {
            "avg": 83.91483498504883,
            "min": 0,
            "med": 6.589387,
            "max": 1642.248,
            "p(90)": 365.988108,
            "p(95)": 650.65065
        },
        "vus": {
            "value": 2,
            "min": 2,
            "max": 20
        },
        "http_req_connecting": {
            "p(90)": 1.5114735000000001,
            "p(95)": 3.08831625,
            "avg": 0.354859497566064,
            "min": 0,
            "med": 0,
            "max": 10.543904
        },
        "data_sent": {
            "count": 396328,
            "rate": 11016.244674535978
        }
    }
}