{
    "root_group": {
        "name": "",
        "path": "",
        "id": "d41d8cd98f00b204e9800998ecf8427e",
        "groups": {},
        "checks": {
                "html list 200": {
                    "path": "::html list 200",
                    "id": "bfcf35c1fd0086c3a485ac1f2d0fe9ca",
                    "passes": 1534,
                    "fails": 0,
                    "name": "html list 200"
                },
                "html list contains h1": {
                    "path": "::html list contains h1",
                    "id": "855595b92277cb0e0ec19e4a7176fd07",
                    "passes": 1534,
                    "fails": 0,
                    "name": "html list contains h1"
                },
                "html detail 200": {
                    "passes": 1534,
                    "fails": 0,
                    "name": "html detail 200",
                    "path": "::html detail 200",
                    "id": "4f4efe404743e97d9a2a5b74a24c8599"
                },
                "html detail contains h1": {
                    "name": "html detail contains h1",
                    "path": "::html detail contains h1",
                    "id": "fca3805c76a955349947824a35e5b30e",
                    "passes": 1534,
                    "fails": 0
                }
            }
    },
    "metrics": {
        "html_list_duration": {
            "min": 4.064083,
            "med": 9.228812,
            "max": 1667.802186,
            "p(90)": 1374.3830804,
            "p(95)": 1420.82677355,
            "avg": 264.38795049869617
        },
        "html_detail_duration": {
            "p(90)": 11.4331945,
            "p(95)": 14.16037994999998,
            "avg": 30.678369301173394,
            "min": 2.174597,
            "med": 5.9135555,
            "max": 1516.973668
        },
        "http_req_blocked": {
            "min": 0.001012,
            "med": 0.0070165,
            "max": 13.542145,
            "p(90)": 2.3024254000000015,
            "p(95)": 3.863509200000001,
            "avg": 0.45382063396349276
        },
        "http_req_sending": {
            "max": 0.51635,
            "p(90)": 0.07658490000000003,
            "p(95)": 0.1308030000000001,
            "avg": 0.04032509843546281,
            "min": 0.003608,
            "med": 0.029001
        },
        "errors": {
            "passes": 0,
            "fails": 3068,
            "value": 0
        },
        "iterations": {
            "count": 1534,
            "rate": 49.72550297696025
        },
        "http_req_duration{expected_response:true}": {
            "avg": 147.53315989993456,
            "min": 2.174597,
            "med": 7.673263,
            "max": 1667.802186,
            "p(90)": 867.1521153000084,
            "p(95)": 1381.28163855
        },
        "http_req_duration": {
            "max": 1667.802186,
            "p(90)": 867.1521153000084,
            "p(95)": 1381.28163855,
            "avg": 147.53315989993456,
            "min": 2.174597,
            "med": 7.673263,
            "thresholds": {
                "p(95)<500": true
            }
        },
        "http_req_waiting": {
            "avg": 147.29853970501938,
            "min": 2.014439,
            "med": 7.43267,
            "max": 1667.629296,
            "p(90)": 866.7884564000084,
            "p(95)": 1381.063921
        },
        "iteration_duration": {
            "p(95)": 1534.0101187999999,
            "avg": 396.3304802940032,
            "min": 109.263417,
            "med": 117.371341,
            "max": 1787.321571,
            "p(90)": 1489.3785699
        },
        "http_req_receiving": {
            "max": 2.898788,
            "p(90)": 0.3105008000000001,
            "p(95)": 0.3923499500000002,
            "avg": 0.19429509647979132,
            "min": 0.021603,
            "med": 0.164327
        },
        "checks": {
            "passes": 6136,
            "fails": 0,
            "value": 1
        },
        "vus_max": {
            "value": 20,
            "min": 20,
            "max": 20
        },
        "http_reqs": {
            "count": 3068,
            "rate": 99.4510059539205
        },
        "vus": {
            "max": 20,
            "value": 20,
            "min": 20
        },
        "http_req_connecting": {
            "min": 0,
            "med": 0,
            "max": 12.079549,
            "p(90)": 2.1760697000000038,
            "p(95)": 3.6876467500000003,
            "avg": 0.40218124674054767
        },
        "http_req_failed": {
            "passes": 0,
            "fails": 3068,
            "thresholds": {
                "rate<0.01": false
            },
            "value": 0
        },
        "data_sent": {
            "count": 269826,
            "rate": 8746.566861969543
        },
        "data_received": {
            "count": 9308431,
            "rate": 301738.2095184675
        },
        "http_req_tls_handshaking": {
            "max": 0,
            "p(90)": 0,
            "p(95)": 0,
            "avg": 0,
            "min": 0,
            "med": 0
        }
    }
}