{
    "root_group": {
        "path": "",
        "id": "d41d8cd98f00b204e9800998ecf8427e",
        "groups": {},
        "checks": {
                "list 200": {
                    "name": "list 200",
                    "path": "::list 200",
                    "id": "bb957fc3b3b94304050fa1ff782f2f89",
                    "passes": 947,
                    "fails": 14
                },
                "create 201": {
                    "name": "create 201",
                    "path": "::create 201",
                    "id": "156654209db568811cc0f7da2d599478",
                    "passes": 960,
                    "fails": 1
                },
                "show 200": {
                    "path": "::show 200",
                    "id": "2b94b15dc06e286a54ac382711ef1145",
                    "passes": 960,
                    "fails": 0,
                    "name": "show 200"
                },
                "update 200": {
                    "path": "::update 200",
                    "id": "7ea104c1961d25326c0409f06885ea15",
                    "passes": 960,
                    "fails": 0,
                    "name": "update 200"
                },
                "delete 204": {
                    "name": "delete 204",
                    "path": "::delete 204",
                    "id": "64a47c6a524c056844e665ff7d06a25c",
                    "passes": 960,
                    "fails": 0
                }
            },
        "name": ""
    },
    "metrics": {
        "show_duration": {
            "med": 9.053638,
            "max": 38.139577,
            "p(90)": 15.9904671,
            "p(95)": 20.03122865,
            "avg": 9.735322180208337,
            "min": 1.586258
        },
        "data_received": {
            "count": 17911559,
            "rate": 397111.4863348499
        },
        "http_req_tls_handshaking": {
            "avg": 0,
            "min": 0,
            "med": 0,
            "max": 0,
            "p(90)": 0,
            "p(95)": 0
        },
        "http_req_sending": {
            "avg": 0.03464646605581009,
            "min": 0,
            "med": 0.0255015,
            "max": 0.575933,
            "p(90)": 0.06477400000000003,
            "p(95)": 0.08785579999999996
        },
        "iteration_duration": {
            "p(95)": 1128.28108,
            "avg": 839.931670372529,
            "min": 132.31198,
            "med": 199.903611,
            "max": 30175.72859,
            "p(90)": 877.542678
        },
        "list_duration": {
            "avg": 192.65638744953174,
            "min": 0,
            "med": 16.403443,
            "max": 1270.643609,
            "p(90)": 683.88183,
            "p(95)": 811.730192
        },
        "http_req_receiving": {
            "max": 26.930847,
            "p(90)": 0.4661176000000002,
            "p(95)": 0.6799434999999999,
            "avg": 0.22671133048729752,
            "min": 0,
            "med": 0.13730199999999998
        },
        "data_sent": {
            "count": 877975,
            "rate": 19465.304902540298
        },
        "vus_max": {
            "value": 20,
            "min": 20,
            "max": 20
        },
        "http_req_blocked": {
            "avg": 0.20955933756768036,
            "min": 0,
            "med": 0.0046815,
            "max": 11.111808,
            "p(90)": 0.015564,
            "p(95)": 1.7923287499999974
        },
        "http_req_failed": {
            "passes": 15,
            "fails": 4787,
            "thresholds": {
                "rate<0.01": false
            },
            "value": 0.003123698458975427
        },
        "http_req_duration": {
            "min": 0,
            "med": 15.4656875,
            "max": 1270.643609,
            "p(90)": 34.399748000000024,
            "p(95)": 503.6312145999999,
            "avg": 53.75908545293618,
            "thresholds": {
                "p(95)<500": true
            }
        },
        "create_duration": {
            "avg": 27.236795939646218,
            "min": 0,
            "med": 18.404885,
            "max": 1197.784754,
            "p(90)": 34.097085,
            "p(95)": 44.402162
        },
        "http_req_duration{expected_response:true}": {
            "max": 1270.643609,
            "p(90)": 34.449899000000016,
            "p(95)": 504.21266559999987,
            "avg": 53.92753882285347,
            "min": 1.586258,
            "med": 15.493367
        },
        "iterations": {
            "count": 961,
            "rate": 21.306025810918566
        },
        "vus": {
            "min": 1,
            "max": 20,
            "value": 1
        },
        "checks": {
            "passes": 4787,
            "fails": 15,
            "value": 0.9968763015410246
        },
        "http_req_connecting": {
            "avg": 0.17620988650562255,
            "min": 0,
            "med": 0,
            "max": 10.84401,
            "p(90)": 0,
            "p(95)": 1.683624399999998
        },
        "errors": {
            "passes": 15,
            "fails": 4787,
            "value": 0.003123698458975427
        },
        "http_reqs": {
            "count": 4802,
            "rate": 106.46361700731629
        },
        "http_req_waiting": {
            "avg": 53.49772765639308,
            "min": 0,
            "med": 15.286453,
            "max": 1269.011707,
            "p(90)": 33.896927000000005,
            "p(95)": 502.47349984999994
        }
    }
}