{
    "metrics": {
        "vus_max": {
            "value": 20,
            "min": 20,
            "max": 20
        },
        "http_reqs": {
            "count": 9708,
            "rate": 321.94491933092417
        },
        "vus": {
            "value": 20,
            "min": 20,
            "max": 20
        },
        "http_req_tls_handshaking": {
            "avg": 0,
            "min": 0,
            "med": 0,
            "max": 0,
            "p(90)": 0,
            "p(95)": 0
        },
        "http_req_sending": {
            "med": 0.009496999999999998,
            "max": 2.852388,
            "p(90)": 0.03395800000000004,
            "p(95)": 0.049165099999999996,
            "avg": 0.018119851256695498,
            "min": 0.001833
        },
        "checks": {
            "passes": 9708,
            "fails": 0,
            "value": 1
        },
        "iterations": {
            "count": 9708,
            "rate": 321.94491933092417
        },
        "iteration_duration": {
            "avg": 61.81220979501441,
            "min": 51.365252,
            "med": 54.799482499999996,
            "max": 394.091313,
            "p(90)": 78.68120090000004,
            "p(95)": 89.67667094999997
        },
        "data_received": {
            "count": 5949096,
            "rate": 197288.9608376518
        },
        "http_req_receiving": {
            "min": 0.006467,
            "med": 0.036857,
            "max": 2.049937,
            "p(90)": 0.10220560000000012,
            "p(95)": 0.1565632,
            "avg": 0.057992421096003326
        },
        "http_req_duration": {
            "p(90)": 27.539754800000015,
            "p(95)": 38.59491184999999,
            "avg": 10.874127537185823,
            "min": 1.119909,
            "med": 3.930382,
            "max": 343.758811,
            "thresholds": {
                "p(95)<400": false
            }
        },
        "http_req_connecting": {
            "p(95)": 0,
            "avg": 0.09185954882571076,
            "min": 0,
            "med": 0,
            "max": 67.747459,
            "p(90)": 0
        },
        "auth_success_duration": {
            "min": 1.449415,
            "med": 4.044029500000001,
            "max": 343.758811,
            "p(90)": 28.110999000000003,
            "p(95)": 38.98085819999999,
            "avg": 11.09645356499702
        },
        "errors": {
            "fails": 9708,
            "passes": 0,
            "value": 0
        },
        "http_req_failed": {
            "passes": 3000,
            "fails": 6708,
            "thresholds": {
                "rate<0.01": true
            },
            "value": 0.30902348578491967
        },
        "http_req_duration{expected_response:true}": {
            "p(90)": 28.110999000000003,
            "p(95)": 38.98085819999999,
            "avg": 11.09645356499702,
            "min": 1.449415,
            "med": 4.044029500000001,
            "max": 343.758811
        },
        "data_sent": {
            "count": 1339146,
            "rate": 44409.89399900389
        },
        "http_req_waiting": {
            "med": 3.858035,
            "max": 343.694244,
            "p(90)": 27.492604600000043,
            "p(95)": 38.46251684999998,
            "avg": 10.798015264833106,
            "min": 1.079913
        },
        "http_req_blocked": {
            "avg": 0.13027664173877151,
            "min": 0.000793,
            "med": 0.003981999999999999,
            "max": 83.684452,
            "p(90)": 0.010423500000000006,
            "p(95)": 0.013778199999999997
        },
        "auth_failure_duration": {
            "max": 341.070858,
            "p(90)": 25.907871399999994,
            "p(95)": 36.93905114999999,
            "avg": 10.377006538999993,
            "min": 1.119909,
            "med": 3.6899545
        }
    },
    "root_group": {
        "checks": {
            "no token → 401": {
                "id": "a0eb86fa632d26b8734cd3d740384534",
                "passes": 1542,
                "fails": 0,
                "name": "no token → 401",
                "path": "::no token → 401"
            },
            "valid token → 200": {
                "passes": 6708,
                "fails": 0,
                "name": "valid token → 200",
                "path": "::valid token → 200",
                "id": "10c18a4d4485ef0f7a4076b623a181e8"
            },
            "bad token → 401": {
                "name": "bad token → 401",
                "path": "::bad token → 401",
                "id": "29b1c42af7378a28586100270c184d27",
                "passes": 1458,
                "fails": 0
            }
        },
        "name": "",
        "path": "",
        "id": "d41d8cd98f00b204e9800998ecf8427e",
        "groups": {}
    }
}