{
    "root_group": {
        "path": "",
        "id": "d41d8cd98f00b204e9800998ecf8427e",
        "groups": {},
        "checks": {
                "html list 200": {
                    "fails": 0,
                    "name": "html list 200",
                    "path": "::html list 200",
                    "id": "bfcf35c1fd0086c3a485ac1f2d0fe9ca",
                    "passes": 5008
                },
                "html list contains h1": {
                    "name": "html list contains h1",
                    "path": "::html list contains h1",
                    "id": "855595b92277cb0e0ec19e4a7176fd07",
                    "passes": 5008,
                    "fails": 0
                },
                "html detail 200": {
                    "passes": 5008,
                    "fails": 0,
                    "name": "html detail 200",
                    "path": "::html detail 200",
                    "id": "4f4efe404743e97d9a2a5b74a24c8599"
                },
                "html detail contains h1": {
                    "passes": 5008,
                    "fails": 0,
                    "name": "html detail contains h1",
                    "path": "::html detail contains h1",
                    "id": "fca3805c76a955349947824a35e5b30e"
                }
            },
        "name": ""
    },
    "metrics": {
        "html_list_duration": {
            "min": 1.321525,
            "med": 4.885688,
            "max": 268.114123,
            "p(90)": 22.308895900000003,
            "p(95)": 33.214109899999976,
            "avg": 10.446253284544705
        },
        "html_detail_duration": {
            "min": 0.836982,
            "med": 2.9868635,
            "max": 368.99739,
            "p(90)": 14.494735100000009,
            "p(95)": 28.251851099999964,
            "avg": 9.1581503953674
        },
        "vus": {
            "value": 20,
            "min": 20,
            "max": 20
        },
        "data_sent": {
            "count": 880886,
            "rate": 29043.28912329516
        },
        "http_req_blocked": {
            "min": 0.00049,
            "med": 0.002826,
            "max": 7.276038,
            "p(90)": 0.0074990000000000005,
            "p(95)": 0.010304750000000001,
            "avg": 0.01569052785543126
        },
        "http_req_connecting": {
            "avg": 0.006040020467252397,
            "min": 0,
            "med": 0,
            "max": 4.371512,
            "p(90)": 0,
            "p(95)": 0
        },
        "http_req_waiting": {
            "p(90)": 17.568973,
            "p(95)": 29.908519249999998,
            "avg": 9.404194270467286,
            "min": 0.813671,
            "med": 3.777032,
            "max": 368.560286
        },
        "checks": {
            "passes": 20032,
            "fails": 0,
            "value": 1
        },
        "http_req_duration": {
            "min": 0.836982,
            "med": 3.997091,
            "max": 368.99739,
            "p(90)": 18.204887,
            "p(95)": 31.17785725,
            "avg": 9.802201839956089,
            "thresholds": {
                "p(95)<500": false
            }
        },
        "http_req_failed": {
            "passes": 0,
            "fails": 10016,
            "thresholds": {
                "rate<0.01": false
            },
            "value": 0
        },
        "http_req_tls_handshaking": {
            "med": 0,
            "max": 0,
            "p(90)": 0,
            "p(95)": 0,
            "avg": 0,
            "min": 0
        },
        "data_received": {
            "count": 25889994,
            "rate": 853607.1422889874
        },
        "vus_max": {
            "value": 20,
            "min": 20,
            "max": 20
        },
        "http_req_receiving": {
            "avg": 0.37254813967651895,
            "min": 0.005828,
            "med": 0.056677500000000006,
            "max": 56.254298,
            "p(90)": 0.693314,
            "p(95)": 1.35801625
        },
        "iteration_duration": {
            "avg": 120.5424540792726,
            "min": 102.769232,
            "med": 108.8948765,
            "max": 500.048239,
            "p(90)": 139.2788021,
            "p(95)": 171.9755834499999
        },
        "iterations": {
            "count": 5008,
            "rate": 165.11647583167647
        },
        "http_req_duration{expected_response:true}": {
            "max": 368.99739,
            "p(90)": 18.204887,
            "p(95)": 31.17785725,
            "avg": 9.802201839956089,
            "min": 0.836982,
            "med": 3.997091
        },
        "http_reqs": {
            "count": 10016,
            "rate": 330.23295166335294
        },
        "http_req_sending": {
            "max": 96.98978,
            "p(90)": 0.022443,
            "p(95)": 0.033279249999999996,
            "avg": 0.02545942981230035,
            "min": 0.001509,
            "med": 0.007525499999999999
        },
        "errors": {
            "passes": 0,
            "fails": 10016,
            "value": 0
        }
    }
}