{
    "root_group": {
        "name": "",
        "path": "",
        "id": "d41d8cd98f00b204e9800998ecf8427e",
        "groups": {},
        "checks": {
                "no token → 401": {
                    "fails": 0,
                    "name": "no token → 401",
                    "path": "::no token → 401",
                    "id": "a0eb86fa632d26b8734cd3d740384534",
                    "passes": 1176
                },
                "valid token → 200": {
                    "fails": 1923,
                    "name": "valid token → 200",
                    "path": "::valid token → 200",
                    "id": "10c18a4d4485ef0f7a4076b623a181e8",
                    "passes": 3353
                },
                "bad token → 401": {
                    "name": "bad token → 401",
                    "path": "::bad token → 401",
                    "id": "29b1c42af7378a28586100270c184d27",
                    "passes": 708,
                    "fails": 433
                }
            }
    },
    "metrics": {
        "vus_max": {
            "value": 20,
            "min": 20,
            "max": 20
        },
        "iteration_duration": {
            "avg": 79.07855029803754,
            "min": 52.595539,
            "med": 71.917724,
            "max": 381.627306,
            "p(90)": 102.00898360000001,
            "p(95)": 109.67816519999997
        },
        "http_reqs": {
            "count": 7593,
            "rate": 251.82265830709665
        },
        "data_sent": {
            "count": 1048777,
            "rate": 34782.80154238666
        },
        "data_received": {
            "rate": 80231.07038584065,
            "count": 2419141
        },
        "iterations": {
            "count": 7593,
            "rate": 251.82265830709665
        },
        "errors": {
            "fails": 5237,
            "passes": 2356,
            "value": 0.3102857895430001
        },
        "http_req_waiting": {
            "p(95)": 59.243007199999994,
            "avg": 28.38687017463444,
            "min": 2.156568,
            "med": 20.957705,
            "max": 331.192789,
            "p(90)": 51.19978920000001
        },
        "checks": {
            "fails": 2356,
            "passes": 5237,
            "value": 0.6897142104569999
        },
        "auth_failure_duration": {
            "min": 2.221186,
            "med": 15.380039,
            "max": 330.707649,
            "p(90)": 45.64524480000001,
            "p(95)": 52.00960599999999,
            "avg": 22.256943480794103
        },
        "http_req_connecting": {
            "max": 3.715173,
            "p(90)": 0,
            "p(95)": 0,
            "avg": 0.006832378638219413,
            "min": 0,
            "med": 0
        },
        "http_req_failed": {
            "fails": 3353,
            "passes": 4240,
            "thresholds": {
                "rate<0.01": true
            },
            "value": 0.5584090609772159
        },
        "http_req_duration": {
            "avg": 28.50058705715795,
            "min": 2.221186,
            "med": 21.089953,
            "max": 331.22941,
            "p(90)": 51.2902774,
            "p(95)": 59.3402178,
            "thresholds": {
                "p(95)<400": false
            }
        },
        "http_req_blocked": {
            "min": 0.000938,
            "med": 0.005545,
            "max": 5.58554,
            "p(90)": 0.0118026,
            "p(95)": 0.015432799999999997,
            "avg": 0.018420401422362613
        },
        "http_req_sending": {
            "max": 1.720514,
            "p(90)": 0.0469392,
            "p(95)": 0.05723919999999998,
            "avg": 0.023665518898985934,
            "min": 0.002284,
            "med": 0.016302
        },
        "http_req_receiving": {
            "min": 0.009433,
            "med": 0.075145,
            "max": 4.235011,
            "p(90)": 0.1567584,
            "p(95)": 0.19310179999999996,
            "avg": 0.09005136362439073
        },
        "vus": {
            "value": 20,
            "min": 20,
            "max": 20
        },
        "http_req_tls_handshaking": {
            "max": 0,
            "p(90)": 0,
            "p(95)": 0,
            "avg": 0,
            "min": 0,
            "med": 0
        },
        "http_req_duration{expected_response:true}": {
            "avg": 34.48900726215327,
            "min": 8.746815,
            "med": 27.204255,
            "max": 331.22941,
            "p(90)": 55.91563320000001,
            "p(95)": 68.9198469999999
        },
        "auth_success_duration": {
            "avg": 31.242535913570958,
            "min": 4.695467,
            "med": 23.948247000000002,
            "max": 331.22941,
            "p(90)": 53.469995,
            "p(95)": 62.142627
        }
    }
}